fname,label,Acoustic_guitar,Bass_drum,Cello,Clarinet,Double_bass,Flute,Hi-hat,Saxophone,Snare_drum,Violin_or_fiddle,y_pred
5388d14d.wav,Saxophone,5.4569067287957296e-05,0.017845945432782173,0.01177509967237711,0.007317765615880489,0.0010348130017518997,0.003240142948925495,0.0045867180451750755,0.9440752267837524,0.0001226399908773601,0.009947147220373154,Saxophone
c685f05f.wav,Saxophone,0.0112495431676507,0.0039019945543259382,0.029003489762544632,0.0006029510986991227,0.0003154151199851185,0.0007307094056159258,0.005075095221400261,0.9470688700675964,0.0008654387202113867,0.0011865458218380809,Saxophone
36d20ab5.wav,Saxophone,0.00010327462950954214,5.075267381471349e-06,0.004217564128339291,0.00043166449177078903,6.180214404594153e-05,0.0001268823689315468,3.488895163172856e-05,0.9949967265129089,4.574042122840183e-06,1.755507582856808e-05,Saxophone
d6665734.wav,Saxophone,0.0033580525778234005,4.1118901208392344e-06,0.05371810123324394,0.0005392282037064433,0.001083044451661408,0.014513381756842136,6.208859559819757e-08,0.918154776096344,0.007711490150541067,0.0009179633343592286,Saxophone
7352e28f.wav,Saxophone,7.4558784035616554e-06,1.157854107730616e-11,2.1595842554233968e-05,0.044476963579654694,5.033688239564071e-07,0.04322216659784317,5.6337048741361695e-12,0.9122499823570251,3.478554944091883e-11,2.141926779586356e-05,Saxophone
8fa096bf.wav,Saxophone,0.0018268699059262872,0.0014504577266052365,0.02775474637746811,0.002285216934978962,0.004976117517799139,0.0007534397300332785,0.0019191548926755786,0.9325968623161316,0.00018727478163782507,0.026249922811985016,Saxophone
2f9c5f62.wav,Saxophone,1.346761200693436e-05,2.386643949137124e-08,0.00046504457714036107,0.11665073037147522,0.00015706043632235378,0.0008202811004593968,2.0813430978705583e-08,0.8813244104385376,0.00011701894254656509,0.0004518984642345458,Saxophone
9cd05a2b.wav,Saxophone,2.210932143498212e-05,6.274768205027925e-11,0.0006168081308715045,0.002718137577176094,5.595104994426947e-06,0.01877492107450962,4.945323664462542e-11,0.975522518157959,2.4576570467615966e-07,0.002339759608730674,Saxophone
ab465bf9.wav,Saxophone,1.3765019502898213e-05,8.72233448662163e-12,2.5350709620397538e-05,0.006217318587005138,3.604688458835881e-07,0.0038432276342064142,1.430160677384773e-12,0.9898427128791809,6.442533173611764e-10,5.732972203986719e-05,Saxophone
c40632d7.wav,Saxophone,0.006639363709837198,0.00014669517986476421,0.04901951551437378,0.05151022598147392,0.0015619936166331172,0.014196828939020634,0.00024021728313528,0.856570303440094,0.008045925758779049,0.012068897485733032,Saxophone
3a80061f.wav,Saxophone,0.015151417814195156,0.00041067847632803023,0.01803351193666458,0.007342803757637739,2.6806712867255555e-06,0.005109462421387434,0.0013340411242097616,0.9447048902511597,0.006795729510486126,0.001114675193093717,Saxophone
dba6817d.wav,Saxophone,0.00024715939071029425,2.0391338694025762e-05,0.017076298594474792,0.0021647156681865454,7.48464935895754e-06,0.0017828351119533181,2.9023025760466226e-08,0.9757051467895508,0.0002916039666160941,0.0027043051086366177,Saxophone
25f26095.wav,Saxophone,7.540162187069654e-05,0.0012679446954280138,0.007041718810796738,0.0001639961265027523,0.00022529740817844868,0.0008846565033309162,0.0002007084694923833,0.9679980278015137,0.0008434130577370524,0.021298814564943314,Saxophone
37cebbd4.wav,Saxophone,2.9099912808305817e-06,9.127408898135236e-12,1.378602519253036e-06,1.7053820329238079e-06,4.552233804133721e-05,0.0002752455184236169,4.421326499359779e-11,0.9996694326400757,4.481230490849253e-12,3.829833076451905e-06,Saxophone
f8d96888.wav,Saxophone,0.047091078013181686,9.10668313736096e-05,0.08625218272209167,0.0006220101495273411,3.427720002946444e-05,0.007037684787064791,3.8513193430844694e-05,0.8552267551422119,0.0012341937981545925,0.0023722604382783175,Saxophone
d94c94f0.wav,Saxophone,0.0014032151084393263,6.149061664473265e-05,0.009590321220457554,0.016448790207505226,0.00019688767497427762,4.86587050545495e-05,9.826750465435907e-05,0.9623724222183228,0.0008833860629238188,0.00889634806662798,Saxophone
ec6afeb6.wav,Saxophone,4.655035809264518e-06,1.5619688702173118e-13,0.0043744249269366264,9.304206287197303e-06,0.000409912783652544,0.007751016411930323,1.5296283391395132e-14,0.9874188303947449,2.029397656866383e-11,3.1823725294088945e-05,Saxophone
5f0dc8e4.wav,Saxophone,6.745009159203619e-05,3.5762276473505494e-10,1.9226456515752943e-06,0.006883679423481226,3.0897233500581933e-06,1.4570733583241235e-05,4.744501774962828e-13,0.9930194020271301,5.114713985676644e-06,4.917113983538002e-06,Saxophone
b8c0a88a.wav,Saxophone,0.00014554106746800244,1.2963319306891208e-09,0.03884344920516014,5.7124394515994936e-05,2.6980202960658062e-08,0.006445359438657761,2.475685238409464e-12,0.9545064568519592,3.1296384150891754e-08,1.9225929008825915e-06,Saxophone
96dad435.wav,Saxophone,0.0036027615424245596,6.929801799060442e-08,0.00015750528837088495,0.014021586626768112,0.009839502163231373,0.012117158621549606,1.886861333844081e-09,0.9580242037773132,4.480898496694863e-07,0.0022367238998413086,Saxophone
b120dc90.wav,Saxophone,2.758865048235748e-05,0.0001506334956502542,0.010317730717360973,0.00030109231011010706,0.021002590656280518,0.00033663524664007127,4.781458846991882e-05,0.9646223783493042,7.139560329960659e-05,0.0031220191158354282,Saxophone
c1948f24.wav,Saxophone,1.8067166820401326e-05,1.0038727626948685e-09,9.702806710265577e-05,0.035131826996803284,0.010480763390660286,0.08122216165065765,2.4226847958330744e-11,0.873048722743988,7.138634735420757e-12,1.4328447832667734e-06,Saxophone
ac097834.wav,Saxophone,0.009918094612658024,2.5745340082039547e-08,0.04165779799222946,0.02187909185886383,2.9671859010704793e-05,0.03388211876153946,1.7424254039610787e-08,0.8894811868667603,2.0030358427902684e-05,0.00313188717700541,Saxophone
4345851e.wav,Saxophone,0.021275624632835388,0.0021975813433527946,0.022466668859124184,0.001429702970199287,6.88925210852176e-05,0.009159007109701633,1.0270803159073694e-06,0.9426996111869812,0.0004931894363835454,0.00020871682500001043,Saxophone
5d4f8187.wav,Saxophone,8.219396113418043e-05,5.9533507737796754e-05,0.00226325704716146,0.005762126762419939,5.737575702369213e-05,0.00014940623077563941,4.966055712429807e-06,0.9914427995681763,2.2553835151484236e-05,0.000155926842126064,Saxophone
b83049f4.wav,Saxophone,0.0015739186201244593,0.0006086586508899927,0.0038486227858811617,0.0015920535661280155,0.013925580307841301,0.0010369643568992615,0.00011864185944432393,0.9756758809089661,9.933632827596739e-05,0.0015203570947051048,Saxophone
c1c3c8b9.wav,Saxophone,0.00030018744291737676,3.7171414390968494e-08,0.0002574313839431852,1.7699803720461205e-05,0.009964636527001858,0.0004945069667883217,1.0455297044797973e-10,0.9855816960334778,5.11815026124629e-12,0.003384184092283249,Saxophone
78a86075.wav,Saxophone,0.01051260530948639,0.0024078411515802145,0.032387472689151764,0.019969414919614792,0.0014698198065161705,0.03013399802148342,0.00019853062985930592,0.9022690653800964,2.5262110284529626e-05,0.0006259403889998794,Saxophone
f0d315bc.wav,Saxophone,0.00047944605466909707,1.4875499800837133e-06,0.048242390155792236,0.0023489941377192736,0.00024385507276747376,0.006575689185410738,1.1012890354322735e-05,0.9237354397773743,0.0006662476225756109,0.01769552193582058,Saxophone
9c0838c1.wav,Saxophone,0.006365567445755005,0.00017648663197178394,0.025333937257528305,0.004011009819805622,0.006198483053594828,0.027475029230117798,0.0003317396040074527,0.9291385412216187,0.00015786266885697842,0.0008114060037769377,Saxophone
d6144e01.wav,Violin_or_fiddle,2.12168380642197e-08,8.718422712288357e-14,5.58596835453784e-10,3.7414913549582707e-06,2.735844328860537e-10,2.4054513936278e-09,4.842077032662928e-07,3.3394158549526765e-09,3.508889567793716e-10,0.9999958276748657,Violin_or_fiddle
cfb9c5fd.wav,Violin_or_fiddle,0.017409874126315117,0.027883782982826233,0.04116843640804291,0.030744142830371857,0.0019531454890966415,0.011727428063750267,2.4082703021122143e-05,0.005267538595944643,0.03296736255288124,0.8308541774749756,Violin_or_fiddle
c6865306.wav,Violin_or_fiddle,0.06439022719860077,4.578725452120125e-07,0.04783491790294647,0.08005452156066895,0.0003037769056390971,0.011851737275719643,4.887623958893528e-07,0.008976009674370289,0.0017190796788781881,0.7848688960075378,Violin_or_fiddle
642aba58.wav,Violin_or_fiddle,0.0025921121705323458,4.991460755832122e-08,0.0012471301015466452,1.532767782919109e-05,0.0001829616230679676,0.0007292261580005288,1.2975781560342625e-09,0.006419922225177288,5.152346602699254e-06,0.9888081550598145,Violin_or_fiddle
848faca3.wav,Violin_or_fiddle,5.140635153111361e-07,5.4384559916798025e-05,0.0031728260219097137,0.0005028719897381961,7.085231482051313e-05,5.616355701931752e-05,7.209009709185921e-07,1.0112997188116424e-05,4.3854157638634206e-07,0.9961312413215637,Violin_or_fiddle
7eb9dac0.wav,Violin_or_fiddle,0.0051968698389828205,0.0031023407354950905,0.03657633066177368,0.012143504805862904,0.0025125134270638227,0.011241152882575989,0.001343103707768023,0.0010860709007829428,0.01838419958949089,0.9084139466285706,Violin_or_fiddle
8d7d7dba.wav,Violin_or_fiddle,0.004667436704039574,2.2639820599579252e-05,0.058555275201797485,0.0026509410236030817,0.00032125154393725097,0.003820402082055807,0.00021045251924078912,0.012025336734950542,0.009643751196563244,0.9080825448036194,Violin_or_fiddle
2424ad60.wav,Violin_or_fiddle,0.00020705709175672382,0.013481655158102512,0.006325502414256334,0.0002512573846615851,0.000942585407756269,0.0001997471699723974,5.6567707360954955e-05,0.00013304877211339772,2.6217901904601604e-05,0.9783763289451599,Violin_or_fiddle
ba648ac1.wav,Violin_or_fiddle,0.00025112341972999275,1.9509483536239713e-05,0.001885133096948266,0.0027239711489528418,0.0007442926289513707,2.5074621589737944e-05,2.4739752007008065e-06,0.032572899013757706,0.0012589145917445421,0.960516631603241,Violin_or_fiddle
2e4a9850.wav,Violin_or_fiddle,0.00012982280168216676,5.6946600213159115e-12,0.00016922541544772685,0.00011842450476251543,5.750977152274572e-07,1.2971060641575605e-05,1.1236652426305227e-06,0.00020123102876823395,1.9152990716975182e-05,0.999347448348999,Violin_or_fiddle
2cc8683d.wav,Violin_or_fiddle,0.0008793899323791265,0.0015572154661640525,0.020819375291466713,0.005752495024353266,0.002318963408470154,0.00047532268217764795,2.9216464099590667e-05,0.0014713143464177847,0.0019493679283186793,0.9647473692893982,Violin_or_fiddle
7b6a119e.wav,Violin_or_fiddle,1.3744800071435748e-06,1.5177513690289857e-09,0.0001252981019206345,3.1277242669602856e-05,3.2717913711621804e-08,2.829774757628911e-06,1.0740608331616386e-06,5.8593479479895905e-05,4.5588186026179756e-07,0.9997790455818176,Violin_or_fiddle
68589f79.wav,Violin_or_fiddle,0.00036295849713496864,0.04040662571787834,0.007547650020569563,0.003352073021233082,0.013773409649729729,0.00033704997622407973,5.745770977227949e-06,6.821814167778939e-05,8.002409231266938e-06,0.9341381788253784,Violin_or_fiddle
fec00143.wav,Violin_or_fiddle,8.099014792151138e-08,3.179560508215218e-06,0.0001882023789221421,8.251750114141032e-05,1.292320121137891e-06,9.272900570067577e-06,3.6929017710463086e-07,3.122286216239445e-05,1.0867927890956253e-08,0.9996837973594666,Violin_or_fiddle
1b24c166.wav,Violin_or_fiddle,0.009038983844220638,0.021242300048470497,0.07982669770717621,0.020857948809862137,0.007986591197550297,0.003614564426243305,0.0005191151285544038,0.030233334749937057,0.0008666819776408374,0.8258138298988342,Violin_or_fiddle
6eb59008.wav,Violin_or_fiddle,1.058911678342156e-07,4.150620277164341e-13,1.3880158178380952e-07,0.0007296634721569717,2.308804036843526e-09,1.346306476079917e-06,1.334905963545907e-08,2.245775476694689e-06,8.097131853901374e-09,0.9992664456367493,Violin_or_fiddle
0e7cd4eb.wav,Violin_or_fiddle,0.016918307170271873,0.0010976479388773441,0.045972585678100586,0.0001171164694824256,0.009600313380360603,0.0008461599354632199,1.1498258345454815e-06,0.0005016304203309119,0.01623021811246872,0.9087149500846863,Violin_or_fiddle
56e79c6f.wav,Violin_or_fiddle,0.0017127830069512129,2.3412228529196e-06,0.046211209148168564,0.0072794388979673386,6.445265898946673e-05,0.0011214674450457096,0.002903919667005539,0.002051351359114051,0.00014965824084356427,0.9385033845901489,Violin_or_fiddle
cdc5fe8e.wav,Violin_or_fiddle,0.0031184947583824396,0.007803595159202814,0.004293662030249834,0.0008514864020980895,0.015410191379487514,0.025752723217010498,2.3697735741734505e-05,0.0006329874158836901,0.002491788472980261,0.9396213889122009,Violin_or_fiddle
b38409bb.wav,Violin_or_fiddle,1.4001030024246575e-07,1.95923610668558e-09,9.234993922291324e-05,6.863242106192047e-06,1.1971275533373404e-11,3.4758029414660996e-06,7.453702437487664e-07,9.284414772992022e-06,7.698213266849052e-07,0.9998863935470581,Violin_or_fiddle
c8c117dc.wav,Violin_or_fiddle,0.006951105780899525,0.004280530381947756,0.06692823767662048,0.000764403841458261,0.0025106396060436964,0.0008827190613374114,7.065296358632622e-06,0.0007386309443973005,0.004542313050478697,0.9123942255973816,Violin_or_fiddle
b73c3595.wav,Violin_or_fiddle,4.764549998981238e-07,4.3626635637394884e-10,7.862196298447088e-07,1.9798317225649953e-05,5.2265847899635176e-11,1.1179010925843613e-06,2.1130656335799358e-08,3.886615616011113e-07,1.0770405367566127e-07,0.9999772906303406,Violin_or_fiddle
d84c8c43.wav,Violin_or_fiddle,0.00037209686706773937,0.020724551752209663,0.008643640205264091,0.001510518486611545,0.008214748464524746,0.0008172775851562619,3.555851799319498e-05,0.00214358139783144,0.0013162707909941673,0.9562218189239502,Violin_or_fiddle
d914225a.wav,Violin_or_fiddle,0.08796808868646622,3.591681888792664e-06,0.06439205259084702,0.007626247592270374,0.033463288098573685,0.000701465061865747,1.6901401167501717e-08,0.02860158309340477,4.007831194030587e-06,0.7772396802902222,Violin_or_fiddle
1148986e.wav,Violin_or_fiddle,0.09767618030309677,6.785549544474634e-08,0.02271079085767269,8.834799700707663e-06,0.00014875851047690958,0.018394138664007187,7.59164819896796e-09,0.02953733131289482,0.004785302560776472,0.8267385959625244,Violin_or_fiddle
e3f479f3.wav,Violin_or_fiddle,0.0017435317859053612,1.2161789527453948e-05,0.05079733580350876,0.01574232056736946,8.477606570522767e-06,0.0005098251276649535,0.004115337505936623,0.004042631480842829,0.0002755665045697242,0.9227526783943176,Violin_or_fiddle
aab28420.wav,Violin_or_fiddle,6.548591773025692e-05,0.018068546429276466,0.003828037064522505,0.000587725080549717,0.002934144577011466,0.00018606570665724576,4.10264874517452e-06,0.00014180090511217713,9.165940355160274e-06,0.9741749167442322,Violin_or_fiddle
21346775.wav,Violin_or_fiddle,0.007911887019872665,0.0035515313502401114,0.0053390939719974995,0.00036256888415664434,0.0019908437971025705,0.0003139934269711375,4.5221304389997385e-06,9.861352009465918e-05,0.000996002578176558,0.9794309139251709,Violin_or_fiddle
cdeece57.wav,Violin_or_fiddle,0.030126353725790977,1.6739768398110755e-05,0.012805776670575142,0.0002397470234427601,0.004863318521529436,0.011836661957204342,8.542644536646549e-06,0.009186805225908756,2.470511753926985e-05,0.9308913350105286,Violin_or_fiddle
c9fb642d.wav,Violin_or_fiddle,0.05395767092704773,0.0016808041837066412,0.003288807114586234,0.000170949351741001,6.638193008257076e-05,9.725598647492006e-05,2.101973450407968e-06,0.005011799745261669,0.00043299971730448306,0.9352912306785583,Violin_or_fiddle
078f7ac0.wav,Hi-hat,7.719690442442584e-10,6.645501342142715e-14,1.2503931050289463e-11,2.119302289216307e-09,7.040115664593097e-17,1.6689234716427137e-10,0.999999463558197,8.418228787665516e-12,5.069229018772603e-07,5.160359606293241e-08,Hi-hat
e897db78.wav,Hi-hat,4.869772640692105e-11,2.900251611068802e-15,1.8631646721864285e-14,2.7659147194825096e-10,1.1229179733151368e-19,3.796687790547093e-12,0.9999997615814209,2.8716954622630755e-14,2.359511768190714e-07,4.778744067124308e-10,Hi-hat
b31ed1fb.wav,Hi-hat,3.505305556927851e-08,1.6438082839353996e-10,4.294921041037014e-07,6.991179191118135e-09,5.02446357902777e-14,1.4299390116434552e-08,0.9760783910751343,6.118647633002183e-08,0.023917943239212036,3.192094027326675e-06,Hi-hat
06c48eab.wav,Hi-hat,6.132218004495371e-06,3.283759042460588e-07,0.00018857495160773396,8.002782851690426e-05,2.1573099218130665e-07,4.512537088885438e-06,0.9991246461868286,5.894420155527769e-06,4.298486601328477e-05,0.0005467000300996006,Hi-hat
2503aaa1.wav,Hi-hat,1.9114055824220877e-11,4.2480222898350073e-13,1.5725238819430665e-11,1.4436307704812634e-09,1.1155750023023828e-15,8.064787726524969e-11,1.0,5.60917388925386e-11,5.95558935501117e-10,9.80333503264319e-09,Hi-hat
3d3439f1.wav,Hi-hat,1.129955989886966e-10,4.426675073997436e-15,3.9017156476181536e-13,1.374783065166696e-10,9.334380626924817e-19,5.221454236863099e-13,0.9999983906745911,8.932248725932769e-15,1.6561180018470623e-06,1.956224293664377e-09,Hi-hat
34a90030.wav,Hi-hat,1.3728189592054907e-11,2.3904474146488233e-16,7.685186173425965e-14,2.7609189601207618e-06,2.091930670159869e-18,2.556183780269561e-12,0.9999972581863403,2.1277133904046806e-14,1.451036339694678e-11,2.2304308400222794e-10,Hi-hat
da4b0379.wav,Hi-hat,6.314002055571311e-13,1.1570671070844942e-20,3.860368373543112e-18,3.2162838364824253e-11,8.23614813350009e-25,1.59100871930515e-16,1.0,1.3602556073491778e-18,1.1139928389469755e-11,2.8216548563810007e-13,Hi-hat
a090c45a.wav,Hi-hat,4.617482069445289e-13,2.7793510919851814e-21,1.0509793937605012e-18,5.872894808271398e-14,4.479450738986285e-27,9.638522902682652e-17,1.0,4.7260308369840876e-20,1.3914190633013135e-10,1.8278191460385784e-12,Hi-hat
41897c32.wav,Hi-hat,2.7764224946880134e-11,6.090517630161218e-13,2.1704294177887773e-12,3.407317535675247e-06,3.3969053562848614e-15,2.2419016643127065e-10,0.9999944567680359,4.608880985190744e-11,1.17667752874695e-07,2.020356305365567e-06,Hi-hat
2032be87.wav,Hi-hat,1.1423817951379685e-15,2.2419000249990217e-12,1.820626809034831e-11,2.0833600501646288e-05,4.147155895469412e-15,8.338453191814033e-12,0.9999792575836182,4.3263582820418645e-12,4.357819660683049e-10,1.9579932120095123e-10,Hi-hat
73677128.wav,Hi-hat,7.231670842125677e-15,8.046820622212379e-15,1.0935723897612104e-13,2.82595746803338e-09,3.198707751859985e-20,4.343105532871906e-15,1.0,3.479024512306896e-16,4.6819499666117537e-11,3.045342450436195e-11,Hi-hat
c53a217e.wav,Hi-hat,2.035720225203319e-13,8.75211869936967e-15,4.953613214064845e-11,5.521826551557751e-09,3.1375516499507975e-17,2.4461897351474304e-12,1.0,2.7450478955887148e-12,4.401183417712673e-09,2.05613304160579e-11,Hi-hat
f0dfe343.wav,Hi-hat,5.288252324930909e-08,2.9841745741165937e-10,5.605839760391973e-06,3.256466015955084e-06,2.1033648434087837e-10,6.581986235687509e-05,0.9996961951255798,9.563195635564625e-05,5.6548295106040314e-05,7.692968210903928e-05,Hi-hat
0ed06544.wav,Hi-hat,2.4555516040664083e-12,2.0500944420808603e-13,1.0696592916970005e-11,1.0212690995103912e-06,2.9494532138759624e-15,9.259669420114136e-12,0.999998927116394,1.613480182793836e-11,6.585553213867001e-10,5.029914706966565e-09,Hi-hat
99c96a07.wav,Hi-hat,4.765867908651522e-11,1.966793949925716e-10,1.6450533643630472e-11,4.1621220359111533e-10,6.124544517016123e-17,5.167561799475362e-13,0.9999971389770508,4.6864340750088496e-14,2.891500798796187e-06,3.763804198864129e-11,Hi-hat
3a3d0279.wav,Hi-hat,4.604852523598657e-12,7.746659760303024e-18,1.0456051680680836e-14,4.247538518825644e-12,1.519461592692193e-22,4.547249790522612e-15,0.9999997019767761,1.9525680415630984e-16,3.07924892695155e-07,2.694459932950366e-11,Hi-hat
612702c3.wav,Hi-hat,1.430270696800226e-13,1.852418915756029e-15,3.4183023165518245e-12,6.3338800870837986e-09,8.36275380669987e-18,4.0313005754757936e-13,1.0,1.080231607289428e-12,9.15826702668765e-12,1.7460564938343026e-10,Hi-hat
d6854eb4.wav,Hi-hat,0.00016430609684903175,0.0006061242311261594,0.005000226199626923,0.0005578910349868238,9.952004802471492e-06,0.00020804670930374414,0.9371802806854248,0.033543217927217484,0.021729204803705215,0.0010007459204643965,Hi-hat
52300f9b.wav,Hi-hat,3.201254636809453e-13,3.590581348807411e-18,1.394636190115827e-14,5.490189209922391e-07,9.757538020155588e-21,1.2243863793659753e-14,0.999999463558197,2.609828153894299e-16,4.2741931521872445e-11,9.330013428510142e-10,Hi-hat
09a1cfd7.wav,Hi-hat,1.3383803613986611e-12,6.098546693584725e-16,6.936906341096496e-15,1.1138385502817982e-07,1.4746038314212544e-21,2.03783065861338e-14,0.9999998211860657,9.036705676021117e-15,7.615295061214056e-08,7.051926265155828e-10,Hi-hat
3aafb6ad.wav,Hi-hat,2.968296719529917e-10,1.858331370729882e-11,2.3533067161629617e-10,3.2005104003474116e-05,4.0802829864849954e-12,2.2314358694153213e-10,0.9993500709533691,8.774949655787623e-09,0.0005591183435171843,5.8731176977744326e-05,Hi-hat
493c247b.wav,Hi-hat,1.0134003358697186e-10,1.4014624964003852e-12,2.2460711068816863e-10,5.913660970691126e-06,4.084283551470481e-16,8.471606229021322e-12,0.9999935030937195,2.2104070310224877e-11,6.095273192840978e-07,1.177641983929334e-08,Hi-hat
5ec7ad26.wav,Hi-hat,2.0032617786824858e-09,1.392681629741599e-11,8.597699809043124e-12,6.078591923142085e-07,1.067488624249401e-15,5.780334433325152e-09,0.9998650550842285,2.2053006643041329e-10,0.00013435821165330708,3.4564877182674536e-08,Hi-hat
a1b369d7.wav,Hi-hat,7.370632966810509e-13,7.898313723702071e-15,6.804646805063947e-15,2.3434832030488906e-07,5.455074677040339e-19,1.1534915817651425e-12,0.9999998211860657,2.578789503986101e-13,4.996656421951684e-09,2.0072907780388505e-09,Hi-hat
8cd809d3.wav,Hi-hat,6.551706399626767e-11,1.117288345175993e-10,1.4223324797058012e-05,0.0006296644569374621,3.4079992300428685e-11,2.257680042916377e-09,0.9991743564605713,1.608079003290186e-08,0.00017878110520541668,3.0345165669132257e-06,Hi-hat
aed9d22f.wav,Hi-hat,1.936960147830291e-09,1.17315791141933e-14,6.627506876633049e-10,4.793506480638143e-09,3.2900619755709196e-14,4.3693038520586924e-08,0.9999999403953552,3.1507951803178003e-10,2.5275342707686832e-08,2.5129532232881502e-08,Hi-hat
a7964699.wav,Hi-hat,3.470924589410451e-11,1.7102085806547374e-12,1.613991579274554e-11,1.1189814586032298e-06,2.762715483291332e-15,3.4452225794456837e-11,0.9999679923057556,1.782312630815852e-10,2.1299450963851996e-05,9.706923265184741e-06,Hi-hat
da3f8050.wav,Hi-hat,3.306890317134048e-09,2.979058666419121e-10,1.2305176255722472e-07,2.3443876671080943e-06,2.3154439476869015e-10,6.152564537842409e-07,0.9983078837394714,3.442015383825492e-07,2.1692774225812173e-06,0.0016866291407495737,Hi-hat
468f9c4c.wav,Hi-hat,0.006914934143424034,1.9628585050668335e-06,0.00101431121584028,0.0015025503234937787,1.7897278667078353e-05,0.001496849930845201,0.9862275719642639,2.9083198569423985e-06,2.4579032469773665e-05,0.0027966289781033993,Hi-hat
229be2be.wav,Snare_drum,1.863809728774868e-08,4.3684264028343023e-07,2.750717794697266e-05,2.1332662303308325e-09,4.436496725546135e-10,1.888895297952331e-07,3.3077658372349106e-06,5.6481123777984976e-08,0.9999686479568481,1.0797595706435459e-08,Snare_drum
b6cbc6a9.wav,Snare_drum,1.0400006189570377e-08,1.994091780588292e-09,4.2664950683501957e-07,4.206532455697243e-09,2.330511617021358e-10,5.386647128347022e-09,5.153024540049955e-05,4.719349533388595e-08,0.9999479055404663,8.464114387152222e-08,Snare_drum
ae7d1c37.wav,Snare_drum,0.007898335345089436,0.0017341109924018383,0.0051885643042624,2.569877506175544e-05,2.0240001958882203e-06,4.443741545401281e-06,1.0882326023420319e-05,0.020928427577018738,0.9638616442680359,0.000345836509950459,Snare_drum
82d4fb44.wav,Snare_drum,0.00010001375630963594,1.5266581954165304e-07,0.013566352427005768,1.6437734302598983e-05,7.622266480211692e-07,5.0443948566680774e-05,0.01962178200483322,0.004048788454383612,0.9537574648857117,0.008837812580168247,Snare_drum
4c590f69.wav,Snare_drum,1.001792315946659e-05,1.1535672683748999e-06,0.0003487760841380805,0.0003671253798529506,2.742922788456781e-06,2.3516733563155867e-05,5.592657089437125e-06,1.1360852113284636e-05,0.9992049336433411,2.4786768335616216e-05,Snare_drum
1c9a423f.wav,Snare_drum,2.3250224785442697e-06,5.4027015500279774e-11,1.0603337614156771e-05,2.906779627664946e-05,2.66237858426166e-08,0.00041969696758314967,1.1682540389301721e-05,1.0771102097351104e-05,0.9683849215507507,0.031130870804190636,Snare_drum
f0727eac.wav,Snare_drum,7.962375897507812e-11,3.2916985109876506e-11,5.955090587317358e-11,2.0493719568581703e-13,9.300782808645985e-16,2.967963028122078e-11,2.872794539143797e-06,3.6443037476630025e-09,0.999997079372406,6.413109332470412e-08,Snare_drum
31db8c5e.wav,Snare_drum,6.749471504008397e-05,3.2804517435813807e-10,0.000615249911788851,1.1647836117845145e-07,0.00010050074342871085,1.7651958117426148e-08,1.4108162638137856e-08,4.106012511329027e-06,0.9984586834907532,0.0007537605124525726,Snare_drum
b86b5a96.wav,Snare_drum,2.455633474340857e-09,1.562478590955152e-09,1.0696790120334754e-08,9.161063574403272e-10,5.9376769993846334e-12,1.793782899994767e-08,1.6750357190176146e-06,3.861342534605683e-08,0.9999980926513672,1.515945058372381e-07,Snare_drum
6fca680b.wav,Snare_drum,0.00011797327169915661,3.7380107187345857e-06,0.00014467111031990498,2.7053035864810226e-06,7.026347157079726e-05,1.3468096767610405e-05,3.601725850899129e-08,3.250171721447259e-05,0.9996063113212585,8.35738410387421e-06,Snare_drum
1bc8eae1.wav,Snare_drum,0.0028821511659771204,1.9432502273986074e-09,4.732496108772466e-06,1.5967326350008193e-09,5.12693043575041e-09,3.389587391211535e-06,5.905408215767238e-07,7.578135864605429e-06,0.9970817565917969,1.9812701793853194e-05,Snare_drum
46b52f97.wav,Snare_drum,8.274216867221185e-08,2.201139608359881e-07,1.5624900129296293e-07,1.46423799378681e-05,4.390503072215779e-09,1.5350632054378366e-07,3.810713315033354e-05,1.3639303688250948e-05,0.9998141527175903,0.000118858995847404,Snare_drum
0c67f402.wav,Snare_drum,1.6221092247192814e-09,2.1471225838953778e-11,6.052895855646057e-07,2.0461028427121164e-08,3.2512252438887668e-12,6.768230491616123e-07,1.343749000959349e-10,2.0838272121181944e-06,0.9999966025352478,1.4446887242058892e-08,Snare_drum
c8ecbbfd.wav,Snare_drum,8.77632189144606e-08,1.0560554208893791e-08,8.285299372801092e-06,7.85327847552253e-06,5.875930924048589e-07,4.806444121641107e-05,1.342831978945469e-06,1.1641506716841832e-05,0.999920666217804,1.472646204092598e-06,Snare_drum
9f84ea5a.wav,Snare_drum,0.0009147379896603525,1.6163136606905937e-08,0.019076216965913773,0.0005018407828174531,0.0033903985749930143,3.334296343382448e-05,1.0362535274310858e-09,1.0892597401834792e-06,0.9757800698280334,0.00030232954304665327,Snare_drum
e4958adc.wav,Snare_drum,2.1940465444458823e-07,1.5279208454010984e-10,9.657543705543503e-05,2.772035077214241e-05,1.1021469327465727e-11,1.3798776565820958e-09,2.7079982136898884e-13,2.8933316187362834e-08,0.9998754858970642,1.3948384669504321e-09,Snare_drum
5ce40b1b.wav,Snare_drum,2.6040033844765276e-06,3.562143291446773e-08,1.543160237815755e-06,8.528843409294495e-09,5.318431250955769e-10,7.154593504310469e-07,4.7356861614389345e-06,7.691954806432477e-07,0.9999838471412659,5.820664682687493e-06,Snare_drum
9d308738.wav,Snare_drum,5.4012678774029155e-09,2.1641520220327948e-07,0.00014407845446839929,5.771362499018551e-09,1.0363235602994791e-08,1.0208572831515994e-07,7.702441507717595e-06,5.482382675836561e-06,0.9998257160186768,1.683142727415543e-05,Snare_drum
1e3391d5.wav,Snare_drum,0.0001891299762064591,5.929662871828612e-10,0.0006656018667854369,0.008147829212248325,1.3761253470079282e-08,1.9124453842778166e-07,1.064202220270316e-12,1.3075125025352463e-05,0.9909841418266296,1.0080602663720128e-07,Snare_drum
ff3f21e7.wav,Snare_drum,5.66203652851982e-06,2.0373464026945953e-10,0.004682965110987425,4.574965295489619e-09,7.771574672688075e-08,3.472012224392529e-07,9.709274451097372e-08,0.006367080379277468,0.9887108206748962,0.0002329308626940474,Snare_drum
b68f10af.wav,Snare_drum,0.00038273484096862376,0.0007271317881532013,0.000810566358268261,0.0001907095720525831,2.563880570960464e-06,0.004574248101562262,6.797382229706272e-05,0.0032362595666199923,0.9899842143058777,2.3305274226004258e-05,Snare_drum
e8e00924.wav,Snare_drum,8.683316991664469e-05,4.676742904052844e-08,1.4816818293184042e-05,4.364461858585855e-08,2.9787742050757515e-07,5.656327630276792e-05,1.4701794270877144e-07,0.00035952895996160805,0.9993491768836975,0.00013250122719909996,Snare_drum
22e1c02c.wav,Snare_drum,1.4092087212702609e-06,5.010890617995756e-07,4.579174492391758e-05,9.271389700415966e-08,3.499779310800477e-08,6.522757303173421e-06,9.626581487509611e-08,7.790859854139853e-06,0.9999329447746277,4.903597982774954e-06,Snare_drum
5c33d972.wav,Snare_drum,0.0017756236484274268,0.0022171479649841785,0.04072798043489456,0.0004146850551478565,0.002761292038485408,0.0008916817605495453,6.323458364931867e-05,0.0017944335704669356,0.9480453729629517,0.0013086373219266534,Snare_drum
9320c55f.wav,Snare_drum,1.117475130740786e-05,4.106843789486447e-06,0.00046356208622455597,2.606283899808659e-08,1.0641524568200111e-06,5.356348083296325e-06,2.799320952817652e-07,5.038811286794953e-05,0.999221682548523,0.0002423487458145246,Snare_drum
f1754aea.wav,Snare_drum,1.6081170315374038e-06,0.0001526884880149737,3.394703890080564e-05,8.047994271009884e-08,1.6487588183622393e-08,6.26149085292127e-06,2.1028895389463287e-06,2.6079430881509325e-06,0.9998005032539368,1.1575787084439071e-07,Snare_drum
b218444c.wav,Snare_drum,0.005946804769337177,1.1849770231719958e-07,0.0009070406667888165,6.868862692499533e-05,5.912045162403956e-05,5.848321052326355e-06,3.926603930892725e-09,0.00012731859169434756,0.9923692345619202,0.0005158656858839095,Snare_drum
36d06cc0.wav,Snare_drum,3.1537820177618414e-07,1.927900061815535e-09,3.4463775477888703e-07,1.6176210593243923e-08,5.1878518841919075e-12,5.082751441953803e-10,3.4128282882031624e-13,2.4252915409306297e-07,0.9999990463256836,6.830275900426841e-09,Snare_drum
4c4d4797.wav,Snare_drum,0.00032747702789492905,0.0006137159070931375,0.00152297702152282,0.04875003173947334,0.0005189348594285548,0.005334796849638224,2.1251173166092485e-05,0.10120602697134018,0.8275613784790039,0.014143495820462704,Snare_drum
cae0d841.wav,Snare_drum,5.450764092529425e-06,1.6568370009295563e-09,5.716553914680844e-07,0.0025470040272921324,9.140690870879098e-09,3.457107823123806e-06,0.0003503231273498386,4.813794294022955e-05,0.9970135688781738,3.156034290441312e-05,Snare_drum
17f82c05.wav,Acoustic_guitar,0.5287351012229919,0.018407979980111122,0.30006253719329834,0.00022660008107777685,0.12934765219688416,0.0017461423994973302,2.8948692488484085e-05,0.0005049480823799968,0.008748563937842846,0.012191690504550934,Acoustic_guitar
0eeaebcb.wav,Acoustic_guitar,0.9809789657592773,3.4815451499525807e-07,0.004580593667924404,4.035604069940746e-05,0.0061598182655870914,0.00809994526207447,5.026093319315805e-09,0.0001249255146831274,7.359863957390189e-06,7.868248758313712e-06,Acoustic_guitar
e92bf0fa.wav,Acoustic_guitar,0.9426713585853577,4.3419606754468987e-07,0.01788715273141861,0.0034291630145162344,0.002624367130920291,0.03048054315149784,8.790744487896518e-08,7.918471965240315e-05,9.842012514127418e-05,0.0027291439473628998,Acoustic_guitar
10da16fb.wav,Acoustic_guitar,0.95512855052948,4.178359436224355e-09,0.01164807565510273,0.00102285819593817,6.60469158901833e-05,0.003999584820121527,1.3272203648606595e-11,0.0020218261051923037,0.0003839960554614663,0.02572913095355034,Acoustic_guitar
a25423a8.wav,Acoustic_guitar,0.5609109997749329,0.00015056270058266819,0.007375589571893215,0.009652000851929188,0.4200807809829712,0.0005246946238912642,9.743561690811475e-08,0.000547227740753442,4.8747777327662334e-05,0.0007093526655808091,Acoustic_guitar
16c9a838.wav,Acoustic_guitar,0.9050266742706299,4.5204604504078816e-09,0.017699100077152252,0.032107025384902954,0.0001924666721606627,0.012660057283937931,3.1871749683887174e-10,0.005206169094890356,2.0309953470132314e-05,0.027088258415460587,Acoustic_guitar
70ca9c77.wav,Acoustic_guitar,0.5617700219154358,6.500271865661489e-06,0.04932903125882149,0.01905236952006817,0.35551774501800537,0.007350089959800243,3.498453438055549e-08,0.00023446703562512994,0.006429409142583609,0.000310400064336136,Acoustic_guitar
38216fad.wav,Acoustic_guitar,0.9367456436157227,0.001499757170677185,0.0378100723028183,0.003945098724216223,0.0020796938333660364,0.0021902855951339006,2.0149522242718376e-05,0.008928298018872738,0.0011962787248194218,0.005584721453487873,Acoustic_guitar
d8a257e5.wav,Acoustic_guitar,0.9410574436187744,0.0005862799589522183,0.04432724416255951,0.0030845433939248323,0.004457077942788601,0.0002226563374279067,1.4378925072833226e-07,5.688923192792572e-05,0.00015618192264810205,0.006051559932529926,Acoustic_guitar
7506dcc4.wav,Acoustic_guitar,0.9366106390953064,2.4142485788303247e-09,2.279395857840427e-06,0.060347072780132294,0.0005982191651128232,0.0001050247810781002,2.1185988430261204e-07,0.00027214805595576763,6.032874466654903e-07,0.002063831314444542,Acoustic_guitar
a6728901.wav,Acoustic_guitar,0.9225777387619019,1.2892081846516135e-09,0.003862169338390231,0.00010815281711984426,0.034446313977241516,0.000111939269118011,1.6290912299155025e-06,0.00820627249777317,1.0314790870324941e-06,0.03068472072482109,Acoustic_guitar
b88322f6.wav,Acoustic_guitar,0.9635006785392761,0.00023692155082244426,0.02992969937622547,2.611065974633675e-05,0.0029213924426585436,0.0003836383402813226,3.0532415484785247e-10,0.0025907692033797503,2.9781351258861832e-05,0.0003810815396718681,Acoustic_guitar
35039ae1.wav,Acoustic_guitar,0.9925126433372498,2.2724505470250733e-05,0.0019742699805647135,1.4987971326263505e-06,0.004883557558059692,0.0005375953624024987,1.4158000567476847e-06,5.378537935030181e-06,1.958054053829983e-05,4.1239181882701814e-05,Acoustic_guitar
236cbab1.wav,Acoustic_guitar,0.8519061803817749,0.0003275269118603319,0.02808413654565811,0.004327869974076748,0.0703461766242981,0.00017626518092583865,3.954960448027123e-07,0.01000270340591669,0.03436901420354843,0.0004597088263835758,Acoustic_guitar
0356dec7.wav,Acoustic_guitar,0.8969348073005676,0.00016966024122666568,0.029019184410572052,2.3553504433948547e-05,0.005717485677450895,0.0008120266138575971,4.8621859605191275e-05,0.04008486866950989,0.014496255666017532,0.012693754397332668,Acoustic_guitar
bb1f5874.wav,Acoustic_guitar,0.9901068806648254,1.1110847708550864e-06,0.0020207292400300503,8.2032558566425e-05,0.0043052793480455875,0.0017462477553635836,2.3763227829931566e-08,0.0014683289919048548,5.7476710935588926e-05,0.00021189682593103498,Acoustic_guitar
34747922.wav,Acoustic_guitar,0.99796062707901,1.6822162551832776e-09,0.00011782194633269683,1.5398361938423477e-05,0.0002215046260971576,9.515717101749033e-05,1.7050145117991633e-07,0.0005155974067747593,3.964373263443122e-06,0.0010697017423808575,Acoustic_guitar
44fb3eeb.wav,Acoustic_guitar,0.9462810158729553,2.5729255170858778e-08,0.02449897676706314,0.0003504722844809294,0.0009241369552910328,0.0026452478487044573,3.982451701745049e-08,0.02515099011361599,4.052633812534623e-05,0.0001085386611521244,Acoustic_guitar
367ad7b1.wav,Acoustic_guitar,0.7229405045509338,3.341885076224571e-06,0.002751942491158843,0.0019467095844447613,0.2593213617801666,0.0013945477548986673,9.048817944945498e-11,0.010700906626880169,0.00010482037032488734,0.0008359095081686974,Acoustic_guitar
160c92d7.wav,Acoustic_guitar,0.8992257714271545,2.6386497431474254e-09,0.033120885491371155,0.00029270871891640127,0.0012653791345655918,0.029395362362265587,4.3478194135249115e-12,0.00580236129462719,4.9916492571355775e-05,0.030847541987895966,Acoustic_guitar
2016d256.wav,Acoustic_guitar,0.9134499430656433,2.1468335442698105e-10,3.6722099139296915e-07,0.08642758429050446,6.433112957893172e-06,1.7075002688216045e-05,1.0869029200971658e-13,9.820915147429332e-05,3.1231860475600115e-07,1.8051574102173618e-07,Acoustic_guitar
fc55d588.wav,Acoustic_guitar,0.8275315165519714,9.445127489016159e-07,0.1006418988108635,0.005212052259594202,0.019637256860733032,0.01552526280283928,5.6257616620758455e-11,0.0012225795071572065,0.024317555129528046,0.005910906940698624,Acoustic_guitar
c7846d27.wav,Acoustic_guitar,0.9972465634346008,7.509080163226045e-11,0.0001365406933473423,1.2105650057492312e-05,3.205664143024478e-07,5.652199251926504e-05,1.0463470800914365e-07,3.589618984278786e-07,2.922151054463029e-08,0.0025475788861513138,Acoustic_guitar
55822aae.wav,Acoustic_guitar,0.9669896364212036,7.251899774018966e-07,0.006152534391731024,2.090344969474245e-05,0.009552652016282082,0.004529953934252262,2.9900881770572596e-08,0.00015005082241259515,0.01254029106348753,6.309640593826771e-05,Acoustic_guitar
9923ddf8.wav,Acoustic_guitar,0.9999808669090271,1.466893669758247e-15,9.794945299290703e-09,4.2263854993507266e-07,1.9351853453031254e-10,5.699549092241796e-06,1.0685643019314739e-06,1.0473584673154068e-11,4.710955001205504e-14,1.2033113307552412e-05,Acoustic_guitar
32dee61b.wav,Acoustic_guitar,0.8460038900375366,0.02127731591463089,0.09249471127986908,0.0005104773445054889,0.021640285849571228,0.002808967139571905,4.626654845196754e-05,0.008432862348854542,0.00028439858579076827,0.006500818766653538,Acoustic_guitar
fa4d4a92.wav,Acoustic_guitar,0.6083469390869141,1.4581622735931887e-06,0.024629171937704086,0.007332643959671259,0.35227131843566895,0.00020343672076705843,7.947901892180198e-09,7.729310891591012e-05,0.007123569026589394,1.410856748407241e-05,Acoustic_guitar
8da75280.wav,Acoustic_guitar,0.6219298243522644,7.265034582815133e-07,0.07477924972772598,0.0041588000021874905,0.29594919085502625,0.00011210469529032707,2.6437801600720512e-11,0.0006833003717474639,0.0019100309582427144,0.00047665322199463844,Acoustic_guitar
b2261238.wav,Acoustic_guitar,0.9433963894844055,4.086606253395075e-08,0.013573823496699333,2.209396734542679e-05,2.0116694940952584e-05,0.0012801955454051495,1.125296989812341e-06,0.013056452386081219,0.02323169820010662,0.0054180496372282505,Acoustic_guitar
673defaf.wav,Acoustic_guitar,0.9979497790336609,2.935460555186786e-11,0.0010491048451513052,1.2503880952863256e-07,3.4954505281348247e-06,0.00010383473272668198,6.792268830713155e-11,0.0007342198514379561,4.88355965444498e-07,0.00015891891962382942,Acoustic_guitar
e6597186.wav,Double_bass,0.05488976091146469,1.9515820895321667e-05,0.11244288831949234,6.730996392434463e-05,0.8317727446556091,6.564394880115287e-06,8.939604698859904e-13,4.815162810700713e-06,0.0007828482193872333,1.3385310921876226e-05,Double_bass
fcfafbc8.wav,Double_bass,3.3742882806109264e-05,0.0001813063572626561,0.003991733305156231,5.137750349604175e-07,0.9957470297813416,2.2758239026643423e-07,3.838500350905605e-11,1.0320236887295664e-09,4.5171174861025065e-05,2.460474206600338e-07,Double_bass
444f9db5.wav,Double_bass,0.00016143426182679832,3.1299910006055143e-06,0.007602251600474119,4.880980213783914e-06,0.9658017158508301,8.59122010297142e-05,2.632631525972817e-13,0.026310404762625694,8.948395020524913e-07,2.9341383196879178e-05,Double_bass
19893aa8.wav,Double_bass,0.0010815270943567157,0.05729571357369423,0.02674289047718048,0.0024984697811305523,0.908907949924469,0.001035973778925836,2.4318453142768703e-05,0.0003434261307120323,5.245574357104488e-05,0.002017263090237975,Double_bass
f042282c.wav,Double_bass,0.002363285981118679,0.042035412043333054,0.009851439855992794,0.012767458334565163,0.931673526763916,0.0005440025124698877,1.1309412002447061e-06,0.00023676376440562308,0.0002170384832425043,0.00030987642821855843,Double_bass
95e1d0ae.wav,Double_bass,0.0010061009088531137,0.0012372072087600827,0.0644814595580101,0.0017668379005044699,0.9299002885818481,1.9698089090525173e-05,3.934049530585071e-08,0.0013409142848104239,2.111827961925883e-05,0.00022631374304182827,Double_bass
595c191d.wav,Double_bass,0.0006686708657070994,0.00013157482317183167,0.0005647564539685845,0.0014101436827331781,0.9950011968612671,8.257856097770855e-05,5.054574380575216e-12,0.002082111779600382,2.3428614781551005e-07,5.8615245507098734e-05,Double_bass
8073923c.wav,Double_bass,0.10230576992034912,9.607042557036038e-06,0.10574657469987869,0.0003801682614721358,0.7801138162612915,5.7173554523615167e-05,1.1272679317775314e-10,3.6846828152192757e-05,0.011276564560830593,7.343334436882287e-05,Double_bass
6efbaf90.wav,Double_bass,0.00018711565644480288,0.00010316223779227585,0.013882716186344624,0.00010770531662274152,0.985626220703125,3.5543442209018394e-05,2.0714438164759486e-08,1.6499326704888517e-07,3.876176378980745e-06,5.346436591935344e-05,Double_bass
642ad7e4.wav,Double_bass,0.001790794194675982,2.615499215607997e-05,0.008733054623007774,9.093088010558859e-05,0.9851466417312622,0.00028833761462010443,1.3647992069820702e-08,5.6675035011721775e-05,0.001365292351692915,0.0025021182373166084,Double_bass
5eadbc6d.wav,Double_bass,0.014413236640393734,0.0034133982844650745,0.01210674736648798,0.0030496460385620594,0.9333559274673462,9.28552690311335e-05,0.00026715119020082057,0.014281666837632656,7.515250035794452e-05,0.01894426718354225,Double_bass
1a7d3f2d.wav,Double_bass,0.015865031629800797,2.9057913707219996e-05,0.1240597665309906,0.004217308945953846,0.850969672203064,8.838847861625254e-06,3.465404629920954e-10,2.2420768800657243e-05,0.004787938669323921,4.000618719146587e-05,Double_bass
13da16ae.wav,Double_bass,6.744588517904049e-06,0.00016109691932797432,0.0002459254756104201,0.004175932612270117,0.9953997135162354,9.738642802403774e-06,2.9282507408440184e-12,7.350576591846902e-09,3.2689990803191904e-07,4.892129368272435e-07,Double_bass
103f29e5.wav,Double_bass,0.003733400721102953,6.494577064586338e-06,0.00017757216119207442,0.00042529302299953997,0.9800854325294495,0.0016130447620525956,2.3481020947069275e-11,0.0006253138417378068,1.3862978676115745e-06,0.013332009315490723,Double_bass
da8ea649.wav,Double_bass,6.245940312510356e-05,0.0001726062037050724,0.0009271409944631159,3.45839980582241e-05,0.9987780451774597,1.5890209397184663e-05,9.648583265686739e-09,2.6364368466147425e-08,7.254586762428517e-07,8.45440536068054e-06,Double_bass
ca348cbb.wav,Double_bass,0.003098350716754794,2.587549090549146e-07,0.01707359217107296,1.08929611997155e-06,0.979826033115387,1.7991986567267304e-07,1.1901770056153317e-15,8.57574367074676e-09,4.666789550356043e-07,6.469416291565722e-08,Double_bass
8ce2e863.wav,Double_bass,3.039898999190882e-08,0.0024070795625448227,7.779501902405173e-05,5.246096043265425e-05,0.9974625706672668,5.834068872445641e-08,7.187897195851112e-13,1.357837953186447e-09,3.0932579414555406e-11,7.756850273210603e-09,Double_bass
462b676f.wav,Double_bass,0.012334817089140415,0.0006352056516334414,0.0035394371952861547,0.009431041777133942,0.9497612714767456,0.005367233883589506,4.139605152886361e-06,4.1142087866319343e-05,2.513142862881068e-05,0.018860606476664543,Double_bass
b428466c.wav,Double_bass,0.0007933587185107172,1.7456988643971272e-05,0.005700620356947184,2.8332806323305704e-06,0.9934647083282471,1.6154190234374255e-06,3.080184371451189e-11,4.147231891238334e-09,2.101534413156969e-08,1.9393019101698883e-05,Double_bass
4fd883bb.wav,Double_bass,0.009578420780599117,4.951998562319204e-06,0.03868936374783516,0.00020794013107661158,0.9515048265457153,1.081926939150435e-06,9.596464248251557e-13,1.185991436614131e-06,9.964503988157958e-06,2.31376247938897e-06,Double_bass
2ac8b94f.wav,Double_bass,0.0011502394918352365,0.00046426276094280183,0.04013119637966156,0.0005714744911529124,0.9520589709281921,0.005538824014365673,2.825743417034232e-09,1.2775420145771932e-05,2.415647395537235e-05,4.804700438398868e-05,Double_bass
c840804f.wav,Double_bass,0.0023915364872664213,0.004776095040142536,0.035651229321956635,3.285215598225477e-06,0.9571099281311035,8.812188752926886e-06,8.817409025141387e-10,4.691169124271255e-07,1.9181520372058003e-07,5.85076013521757e-05,Double_bass
f63f3703.wav,Double_bass,5.8407495089340955e-05,0.00975976511836052,0.0030707991681993008,6.849431520095095e-05,0.9863514304161072,0.00018856138922274113,1.122131266129145e-06,2.5379640646860935e-06,5.473324108606903e-06,0.0004932804731652141,Double_bass
c0ddf010.wav,Double_bass,0.01573878526687622,0.0015462934970855713,0.03652563318610191,2.854518788808491e-05,0.9365241527557373,0.00033928605262190104,7.830721671098217e-08,2.4543569452362135e-06,3.2204086892306805e-05,0.009262626059353352,Double_bass
a0cbe92e.wav,Double_bass,0.013912233524024487,0.0039808847941458225,0.00494147464632988,0.038940247148275375,0.9349133372306824,0.0021620835177600384,0.00031099127954803407,0.0002653250121511519,0.00025253923377022147,0.00032082718098536134,Double_bass
4fb480bf.wav,Double_bass,0.0016336103435605764,0.1989341378211975,0.030236808583140373,0.011943704448640347,0.7546383738517761,0.002015305683016777,5.3562769608106464e-05,0.0001577418006490916,9.486776252742857e-05,0.0002918009995482862,Double_bass
9dd0141c.wav,Double_bass,0.0006433294038288295,0.00012270640581846237,0.09914947301149368,9.351365588372573e-05,0.8952281475067139,0.000312176562147215,1.7545148667252874e-10,4.4037944462615997e-05,0.003064811695367098,0.0013417324516922235,Double_bass
deb87700.wav,Double_bass,0.000483857118524611,0.013936850242316723,0.004639468155801296,0.017968840897083282,0.9610545635223389,0.0013149039587005973,7.3142177825502586e-06,0.0005077286041341722,2.592950659163762e-05,6.0607180785154924e-05,Double_bass
e0ecd1a6.wav,Double_bass,0.047847140580415726,4.483700308810512e-07,0.12524345517158508,0.0007896958850324154,0.8227598071098328,1.6428974049631506e-05,5.194977260869482e-12,6.017736086505465e-05,0.0006341685075312853,0.002648712368682027,Double_bass
0286fc27.wav,Double_bass,0.0010845778742805123,0.019440829753875732,0.0071924296207726,0.006650119554251432,0.9627724289894104,0.0007990357116796076,7.463154179276899e-05,0.0007158128428272903,2.6670981242205016e-05,0.0012434759410098195,Double_bass
e2d993ec.wav,Cello,0.012537828646600246,0.0013707777252420783,0.9170035719871521,0.008089825510978699,0.016751596704125404,0.005767121911048889,1.63369404617697e-05,0.0004143288533668965,0.010389672592282295,0.027658946812152863,Cello
0091fc7f.wav,Cello,0.007090078201144934,0.006949662230908871,0.9229084253311157,0.013949837535619736,0.021441645920276642,0.006268423516303301,1.8686176190385595e-05,0.0024777883663773537,0.0065340157598257065,0.012361402623355389,Cello
e55c5160.wav,Cello,0.021071527153253555,6.057928840164095e-05,0.9131582379341125,0.0005628421204164624,0.0004708747146651149,0.015364200808107853,5.506505203811685e-06,0.01825110986828804,0.016496839001774788,0.01455838792026043,Cello
a59b5a08.wav,Cello,0.0033062880393117666,0.03210116922855377,0.873690664768219,0.012634328566491604,0.06058911979198456,0.0012416113168001175,2.7819931347039528e-05,0.0004326265479903668,0.00014766464300919324,0.015828728675842285,Cello
88500b88.wav,Cello,0.018100470304489136,0.004002681467682123,0.929881751537323,0.008274173364043236,0.0018770521273836493,0.00818450003862381,1.2659425010497216e-05,0.02754378877580166,0.0008792628650553524,0.0012436561519280076,Cello
743ae0f9.wav,Cello,0.04236742481589317,0.029490452259778976,0.7604078054428101,0.011401348747313023,0.1437309831380844,0.001566733350045979,0.0012172821443527937,0.001460509723983705,0.0001958573266165331,0.008161661215126514,Cello
9e3bc1b6.wav,Cello,0.012624475173652172,9.668830898590386e-05,0.9622901678085327,0.0027996639255434275,0.006023216061294079,0.00038375548319891095,7.507154009545047e-08,0.0042937081307172775,0.010827481746673584,0.0006609376287087798,Cello
3e2bddda.wav,Cello,0.007142150774598122,0.0004492703010328114,0.9483935832977295,0.0001960400550160557,3.851642395602539e-05,8.186683407984674e-05,0.00023155385861173272,0.028696222230792046,0.00033365635317750275,0.014437141828238964,Cello
d328db67.wav,Cello,0.0011403075186535716,5.8327761507825926e-05,0.9894871711730957,4.550252924673259e-05,7.238309626700357e-05,0.00054357381304726,8.050881206145277e-08,0.00031969588599167764,0.007886969484388828,0.00044605234870687127,Cello
7d896090.wav,Cello,0.01379086822271347,0.0064358823001384735,0.9460437893867493,0.0007693512015976012,0.006945027504116297,0.008044973947107792,0.00014047235890757293,0.009992075152695179,0.0012246881378814578,0.006612839177250862,Cello
4bff8f32.wav,Cello,0.004584113135933876,0.00048794763279147446,0.875715970993042,0.00037132413126528263,0.11873216927051544,5.3012259741080925e-05,3.884603305692735e-09,1.9003973648068495e-05,1.5195761989161838e-05,2.126787330780644e-05,Cello
5e5bca7a.wav,Cello,0.002377388533204794,0.04389342665672302,0.8873130679130554,0.004160335753113031,0.03595223277807236,0.0014297494199126959,4.364892447483726e-05,0.0029427935369312763,0.000299922248814255,0.021587610244750977,Cello
811bf309.wav,Cello,0.009744120761752129,0.008406832814216614,0.9294593930244446,7.518140046158805e-05,0.022669585421681404,0.0005110329948365688,3.520959580782801e-06,0.0003939734015148133,0.011099784635007381,0.017636653035879135,Cello
5689818f.wav,Cello,0.03847324848175049,0.0169373806566,0.897152841091156,0.000306933798128739,0.034735117107629776,0.001302878255955875,0.00011269622336840257,0.0007470523123629391,0.00019612321921158582,0.010035831481218338,Cello
81d9f077.wav,Cello,0.0012098841834813356,0.0001763529289746657,0.9368170499801636,0.00472622225061059,0.055591706186532974,0.0003171453718096018,3.3357874684725175e-08,0.0009565704385749996,2.541714820836205e-05,0.00017982338613364846,Cello
00353774.wav,Cello,0.006903000641614199,7.60711554903537e-05,0.9757566452026367,0.001611855928786099,0.00458854204043746,0.001935661886818707,0.0017454851185902953,0.005353672429919243,0.000558963103685528,0.0014701283071190119,Cello
6a210ffa.wav,Cello,0.00773524958640337,1.3422497431747615e-05,0.8881871104240417,0.0006762265111319721,0.09204990416765213,0.0002111622306983918,3.380164343980141e-07,0.00014349592674989253,0.010511844418942928,0.00047115058987401426,Cello
e97d9707.wav,Cello,0.0040893214754760265,0.0011959620751440525,0.9332789778709412,0.0026956587098538876,0.042151499539613724,0.00582142686471343,0.00016503830556757748,0.002030886011198163,0.0029219610150903463,0.005649259779602289,Cello
238b16a5.wav,Cello,0.04410615563392639,1.367361892334884e-05,0.7887646555900574,2.364194551773835e-05,0.14514005184173584,0.010904869064688683,3.4472180665545693e-10,6.3421271079278085e-06,0.006287474185228348,0.004753119312226772,Cello
dc5be9d7.wav,Cello,0.014383149333298206,0.0037397516425698996,0.9517635107040405,0.0008879546076059341,0.026080068200826645,0.00023004850663710386,1.491314151280676e-06,0.000620196748059243,0.0008878040825948119,0.0014061412075534463,Cello
f9653de8.wav,Cello,0.007656973320990801,0.05784618854522705,0.7783763408660889,0.0007646286976523697,0.1483958214521408,0.0009614680893719196,0.00015860999701544642,0.00033530639484524727,0.00011289103713352233,0.005392007064074278,Cello
31dbc5c0.wav,Cello,0.03920911252498627,0.0024345749989151955,0.8622152805328369,0.0002090332272928208,0.03452593833208084,0.004003624897450209,5.3594903874909505e-06,0.0015706433914601803,5.660473107127473e-05,0.05576999858021736,Cello
cbc8d551.wav,Cello,0.01631315052509308,0.0746629610657692,0.8519046306610107,0.0025234119966626167,0.025392260402441025,0.005209383554756641,2.948128167190589e-05,0.002663218416273594,0.006584812421351671,0.014716757461428642,Cello
195f544d.wav,Cello,0.02684243582189083,0.004859220702201128,0.8300185203552246,0.0009474229882471263,0.015636099502444267,0.05975848808884621,0.009628229774534702,0.013943752273917198,0.002365845488384366,0.03599991649389267,Cello
22bea889.wav,Cello,0.006424969993531704,0.0005257883458398283,0.8575969338417053,0.008471992798149586,0.12377407401800156,0.00016335854888893664,4.879738071394968e-07,0.000497239816468209,0.0013905972009524703,0.0011545302113518119,Cello
ab8e8ae3.wav,Cello,0.01275308895856142,0.0017552727367728949,0.9663479924201965,0.004702759440988302,0.007467566058039665,0.0005310156848281622,0.0011067758314311504,0.0039557782001793385,0.0005898659001104534,0.0007899408228695393,Cello
e70c41d4.wav,Cello,0.005690722726285458,8.272720606328221e-07,0.9077762365341187,0.010660682804882526,7.396335422527045e-05,0.014152975752949715,7.597532913905525e-08,0.04679880663752556,6.525236130983103e-06,0.014839066192507744,Cello
125e6ccf.wav,Cello,0.0007591775502078235,3.5958405533165205e-06,0.9634047746658325,7.815637218300253e-06,1.1093315151811112e-05,2.778423322524759e-06,1.2838481211474573e-07,1.9123957827105187e-05,0.034054215997457504,0.001737400540150702,Cello
2da9e12a.wav,Cello,0.005142925772815943,0.0003913579566869885,0.9228919744491577,0.0005536135868169367,0.06812293082475662,0.00046717727673240006,5.191967647988349e-05,0.0008037781808525324,5.6745771871646866e-05,0.0015175548614934087,Cello
34e4d187.wav,Cello,0.01789890229701996,0.006808788515627384,0.7836387157440186,0.0020276501309126616,0.17173591256141663,0.0014227151405066252,0.00028337028925307095,0.011477152816951275,0.0006108947563916445,0.004095995798707008,Cello
52e54bdd.wav,Bass_drum,0.0022835705894976854,0.6526671051979065,0.12701015174388885,0.006391153205186129,0.2078632116317749,0.001908829202875495,8.339376654475927e-05,0.0005917811067774892,0.00023283260816242546,0.0009680230868980289,Bass_drum
6d21ad67.wav,Bass_drum,7.145775725803105e-06,0.9276169538497925,0.05162996053695679,5.815469558001496e-05,0.020606404170393944,8.00148700363934e-05,1.2381403680095104e-09,4.5313464624996413e-07,5.994501748318726e-07,3.2247203307633754e-07,Bass_drum
ca3f3698.wav,Bass_drum,7.022743375273421e-05,0.9746461510658264,8.351888391189277e-05,3.258880724388291e-06,0.025194481015205383,1.658528390180436e-06,7.995685780137762e-10,7.051951911307697e-08,1.843316388416838e-09,6.958469498385966e-07,Bass_drum
aa9ae956.wav,Bass_drum,1.3020097000548958e-08,0.9999690055847168,1.5082850950420834e-06,1.978143336600624e-05,9.083856639335863e-06,4.163178459748451e-07,1.378444913768817e-08,1.7036066424225282e-07,2.0553511670406976e-10,8.239432247592049e-08,Bass_drum
0ddb4bdf.wav,Bass_drum,4.117912340007024e-07,0.9986156225204468,8.13436126918532e-05,0.000698956660926342,0.0005687774973921478,1.2558167327370029e-05,1.634572754483088e-06,8.260865797637962e-06,6.693746712471693e-08,1.2380322914395947e-05,Bass_drum
921eee9d.wav,Bass_drum,0.0006573810242116451,0.8905315399169922,0.05381127819418907,0.040450479835271835,0.0010282854782417417,0.0009156180894933641,0.00020110789046157151,0.0021486831828951836,0.007854047231376171,0.002401577541604638,Bass_drum
c153f347.wav,Bass_drum,2.6268346118740737e-05,0.8814220428466797,0.000989345135167241,1.2245119251019787e-05,0.11754719167947769,1.463121520828281e-06,1.6853481110690183e-10,2.671442871360341e-07,7.589054717982435e-09,1.1843911806863616e-06,Bass_drum
63e0ab2c.wav,Bass_drum,4.941908287037222e-07,0.9999620914459229,1.6345211406587623e-05,6.3246279751183465e-06,1.307574439124437e-05,3.8533491419912025e-07,5.9702709442888136e-09,1.1465193239246219e-07,4.250218843537823e-09,1.1706348459483706e-06,Bass_drum
88780eac.wav,Bass_drum,0.0006472105160355568,0.8840100765228271,0.00418745307251811,0.00014422344975173473,0.023309996351599693,0.00015674623136874288,0.00045649518142454326,0.00014605741307605058,0.08675792813301086,0.00018377715605311096,Bass_drum
bea51ca5.wav,Bass_drum,8.617933417554013e-06,0.8614395260810852,0.004643403925001621,1.6142221284098923e-05,0.1338721662759781,1.1016631106031127e-05,2.2868871241144006e-09,1.7532047422719188e-06,3.9233040638464445e-07,7.076253496052232e-06,Bass_drum
f26131d8.wav,Bass_drum,7.507281907237484e-08,0.9997327923774719,8.454040653305128e-05,8.103882578325283e-07,2.11880324059166e-05,3.994962938236313e-08,1.416465380543741e-07,0.00012276029156055301,1.837582931329962e-05,1.929986319737509e-05,Bass_drum
ce75b5ce.wav,Bass_drum,1.0378897059126757e-05,0.9998369216918945,5.838159631821327e-05,1.9551086438696075e-07,6.466660852311179e-05,7.411966862491681e-08,2.121236297725204e-09,6.467015737143811e-06,1.991857607208658e-05,3.0190801680873847e-06,Bass_drum
565f3ee2.wav,Bass_drum,4.270515637472272e-05,0.8939520716667175,0.017289649695158005,0.023693038150668144,0.06470663845539093,0.00014003664546180516,5.499074177350849e-06,3.0905990570317954e-05,1.4017865623827674e-07,0.00013924480299465358,Bass_drum
ff11628d.wav,Bass_drum,3.2669490792613942e-06,0.9962331056594849,0.00011925488797714934,0.0014334939187392592,0.002164538949728012,5.180502284929389e-06,1.4517397630697815e-06,2.25670519284904e-05,6.543083941323857e-08,1.7094880604417995e-05,Bass_drum
cdfc8967.wav,Bass_drum,0.000171114836120978,0.8106111288070679,0.006597812287509441,0.0025158794596791267,0.17677882313728333,0.0018135374411940575,1.8172559066442773e-05,0.00031158910132944584,0.0006881497683934867,0.0004938077181577682,Bass_drum
f8a99b37.wav,Bass_drum,2.104914784695211e-07,0.9998708963394165,1.5171222912613302e-05,6.61226367810741e-05,4.227301542414352e-05,1.528521352156531e-06,1.0553503670962527e-07,1.6737428722990444e-06,9.824076663278447e-09,1.9491196781018516e-06,Bass_drum
809ea09e.wav,Bass_drum,1.7619842651583895e-07,0.9999181032180786,8.659453669679351e-06,2.8476377337938175e-05,4.056841498822905e-05,1.8705417232922628e-06,3.980651186452633e-08,9.204436537402216e-07,1.801954496727376e-08,1.2572734249260975e-06,Bass_drum
03fc1f96.wav,Bass_drum,0.009299935773015022,0.40642064809799194,0.11298557370901108,0.0006010602228343487,0.40713754296302795,0.0009245200199075043,2.7115476768813096e-05,0.06236789748072624,4.373110277811065e-05,0.00019193904881831259,Double_bass
8b6a16de.wav,Bass_drum,4.255654494045302e-05,0.9469300508499146,0.0005386667908169329,2.99457747132692e-06,0.05248384550213814,1.1111128515040036e-06,1.1105734387673039e-10,5.5679567623201365e-08,4.1443690146358847e-10,6.773290692763112e-07,Bass_drum
7dda9dc2.wav,Bass_drum,0.004863845184445381,0.9787896871566772,0.010191632434725761,9.30950918700546e-05,0.004126410000026226,0.0003928313672076911,1.8492573872208595e-06,0.00021276010375004262,0.0010274453088641167,0.00030051986686885357,Bass_drum
3a9085ca.wav,Bass_drum,5.430069722933695e-05,0.9909566640853882,0.001101418281905353,1.9250214791100007e-06,0.0011029307497665286,3.9313545130426064e-07,1.2122826831273414e-07,0.00040223117684945464,0.0062207807786762714,0.0001591409818502143,Bass_drum
4ba2b70e.wav,Bass_drum,2.090173545354901e-08,0.999931812286377,1.3086628314340487e-06,1.532088020894662e-07,1.2724539146802272e-06,1.9215760094226653e-09,2.7326523266424374e-09,1.3048465007159393e-05,5.14483435836155e-05,9.005857464217115e-07,Bass_drum
01c2f88b.wav,Bass_drum,3.7122642879694467e-06,0.8340532779693604,0.00031684848363511264,0.15739771723747253,0.00790026318281889,0.00021582738554570824,1.6317222616635263e-05,5.1999642892042175e-05,2.226384367531864e-06,4.1865318053169176e-05,Bass_drum
ce3f3400.wav,Bass_drum,0.10712830722332001,0.7415887117385864,0.10635336488485336,0.0019593958277255297,0.0233476385474205,0.00033353510661982,8.60643049236387e-05,0.006466444581747055,0.0011795267928391695,0.011557071469724178,Bass_drum
6a96272b.wav,Bass_drum,6.090462534302787e-07,0.9927366971969604,0.00021744427795056254,1.168209382740315e-05,0.007033199537545443,2.2483764894332126e-07,4.59975391109424e-11,1.148294188624277e-07,2.786840269664026e-08,7.2227051006734655e-09,Bass_drum
9adffd44.wav,Bass_drum,0.0020332306157797575,0.9521321058273315,0.004419300705194473,3.058305082959123e-05,0.041270654648542404,6.512978870887309e-05,1.0267474692682299e-07,1.1640706816251623e-06,2.7065573249274166e-07,4.753626853926107e-05,Bass_drum
7d11b3b4.wav,Bass_drum,2.011601509366301e-06,0.9995001554489136,3.801033744821325e-05,1.6004368035282823e-06,0.00045797371421940625,3.1287171964322624e-08,1.8516307931371045e-10,1.4595866559830029e-07,4.707044531926385e-09,2.502977913820814e-08,Bass_drum
bab98261.wav,Bass_drum,3.0502008030453e-06,0.9997361898422241,4.0633556636748835e-05,1.7319180187769234e-06,0.00021807983284816146,3.610541199350337e-08,3.4568062301509883e-10,2.18736531110153e-07,6.353697123984148e-09,6.528596685484445e-08,Bass_drum
c11bacda.wav,Bass_drum,0.0025038509629666805,0.9426775574684143,0.021992236375808716,0.0019259657710790634,0.028890009969472885,0.000697649025823921,8.080126281129196e-05,0.00028238887898623943,0.00010399815073469654,0.0008455211063846946,Bass_drum
9a4bfb69.wav,Bass_drum,0.0010086250258609653,0.6762827634811401,0.014120650477707386,0.0005814330070279539,0.30755171179771423,0.0003071693645324558,9.609663038645522e-07,1.6128777133417316e-05,1.297007884204504e-06,0.00012924721522722393,Bass_drum
18865530.wav,Flute,0.00010295464744558558,9.805327863432467e-05,0.00012658227933570743,0.00957972276955843,0.0003713890619110316,0.9376988410949707,0.004835989326238632,0.004588776268064976,0.0036845174618065357,0.038913171738386154,Flute
9f6eac9c.wav,Flute,0.0001895201567094773,5.656758730765432e-06,0.020560389384627342,0.07638255506753922,1.781459286576137e-05,0.8894787430763245,0.00012155160948168486,0.012933709658682346,7.035263115540147e-05,0.00023989001056179404,Flute
07db7f16.wav,Flute,7.707992335781455e-05,0.025421148166060448,0.002935162978246808,0.5563660264015198,0.010673271492123604,0.38864582777023315,0.00027629523538053036,0.0001517777272965759,8.574972889618948e-05,0.015367777086794376,Clarinet
dc6676ff.wav,Flute,0.0005480421241372824,1.2673422133957502e-06,0.0036526923067867756,0.04931505769491196,4.7270412323996425e-05,0.8301342129707336,0.003675983054563403,0.01774747110903263,7.325774640776217e-05,0.09480488300323486,Flute
3eaddda8.wav,Flute,0.02302141860127449,0.00020631641382351518,0.12239695340394974,0.026841504499316216,0.0005752572906203568,0.7795231342315674,0.0005424106493592262,0.03395149111747742,0.00022951621212996542,0.012712053023278713,Flute
1b93aeba.wav,Flute,0.000379421777324751,3.7890721671374195e-08,0.003584502264857292,0.004349685274064541,1.0766111699922476e-05,0.9897595047950745,0.0005852760514244437,0.00018798469682224095,0.0003055072738789022,0.0008373169112019241,Flute
c683f28f.wav,Flute,0.022027088329195976,4.1971903383397624e-12,0.032696615904569626,0.005990749225020409,8.473416968080016e-10,0.9391460418701172,4.3536224625384534e-10,1.1306808119115885e-05,3.9285243502718004e-08,0.00012817123206332326,Flute
55d52a69.wav,Flute,3.694907354656607e-05,0.012356145307421684,0.019434312358498573,0.07996923476457596,0.009353508241474628,0.8494840860366821,0.012166745029389858,0.0049270931631326675,0.0004884212394244969,0.011783645488321781,Flute
ca8653d2.wav,Flute,3.125365765299648e-05,0.00040631520096212626,0.04116540774703026,0.005849315784871578,0.0034757740795612335,0.9261499643325806,3.096793761869776e-06,0.02143203280866146,8.260121830971912e-06,0.0014786494430154562,Flute
6b27a847.wav,Flute,2.0406610929057933e-05,6.1059058680257294e-06,0.024394480511546135,0.029984837397933006,1.654407606110908e-05,0.9304425716400146,0.0006697768694721162,0.010909846983850002,1.385965424560709e-05,0.0035415729507803917,Flute
4bcc8a77.wav,Flute,0.0023427829146385193,7.264592341016396e-07,0.007906198501586914,0.047053102403879166,0.010453995317220688,0.9258219003677368,1.1280032907734494e-07,0.00021688893320970237,0.0002649735251907259,0.005939361173659563,Flute
84f5b84b.wav,Flute,0.0005105509771965444,3.262392356262467e-09,0.0009348884341306984,0.003027686383575201,7.214871402538847e-07,0.9951863288879395,4.984066936941645e-09,0.00024453780497424304,8.238002351390605e-07,9.443238377571106e-05,Flute
5d73ee6f.wav,Flute,0.011462190188467503,0.020964698866009712,0.044971317052841187,0.08286894112825394,0.012034393846988678,0.7487874627113342,0.012628912925720215,0.026873404160141945,0.0144450468942523,0.024963438510894775,Flute
5d040c3b.wav,Flute,0.0025892925914376974,1.4793056379858172e-06,0.01474788598716259,0.001131553784944117,5.62231543881353e-05,0.965987503528595,3.527522858348675e-05,0.002338723512366414,0.002457102295011282,0.010655151680111885,Flute
6a037ddf.wav,Flute,0.000245768140302971,0.04224703088402748,0.0024854198563843966,0.09960516542196274,0.004754430614411831,0.8269660472869873,0.00032713430118747056,0.0026263296604156494,9.438144479645416e-05,0.02064821682870388,Flute
35e97db3.wav,Flute,3.8974831695348655e-10,4.168765029442849e-16,1.2190210618712172e-08,9.680617222329602e-05,2.429280301224912e-12,0.9998939633369446,2.549121136397048e-09,1.3696030976007023e-09,1.949670980216922e-10,9.267090717912652e-06,Flute
d14f5df1.wav,Flute,0.008768228814005852,3.3551561955391662e-06,0.04728255420923233,0.024720991030335426,0.0004610130563378334,0.8764890432357788,2.23132246901514e-05,0.03864636272192001,2.9974287826917134e-05,0.0035762533079832792,Flute
9f522cda.wav,Flute,0.014209193177521229,5.713475914603805e-09,0.00044860062189400196,0.03523067384958267,0.00018049035861622542,0.9445041418075562,4.825391783924715e-07,0.00496723223477602,1.1575181133594015e-06,0.00045788046554662287,Flute
fe76c972.wav,Flute,0.008447665721178055,4.2071761185979994e-07,0.03022095002233982,0.015203041955828667,2.4537086574127898e-05,0.9389516711235046,1.023492768581491e-05,0.006532968487590551,1.075014665730123e-06,0.0006073566619306803,Flute
562d93f5.wav,Flute,0.0008923062705434859,0.013722480274736881,0.019031520932912827,0.09148436784744263,0.000498544832225889,0.8514920473098755,0.0005509813199751079,0.008211714215576649,0.01385425589978695,0.0002618572616484016,Flute
fa32109e.wav,Flute,1.613849053683225e-05,0.0010114008327946067,0.045092180371284485,0.1652592569589615,0.0002242387126898393,0.7744429707527161,0.00036224565701559186,0.011008122935891151,5.882541518076323e-05,0.0025248490273952484,Flute
b4b2b68d.wav,Flute,0.013686648570001125,4.452921984920977e-06,0.08506625890731812,0.02598695084452629,0.017800334841012955,0.8425683379173279,6.943679909454659e-05,0.0028160831425338984,0.00022479626932181418,0.011776614934206009,Flute
af227d6f.wav,Flute,0.0026191489305347204,4.450950200407533e-06,0.09584712982177734,0.0497245192527771,5.338634582585655e-05,0.8165665864944458,1.0837301260835375e-06,0.02148662880063057,0.0005063888966105878,0.013190962374210358,Flute
85d6a7d2.wav,Flute,0.01769736222922802,8.782265581430693e-09,0.046079523861408234,0.02404494397342205,0.00010581143578747287,0.8706422448158264,3.7441932363435626e-05,0.03814047574996948,5.178230821911711e-06,0.0032469118013978004,Flute
3707da71.wav,Flute,0.01597849652171135,2.1771536751202802e-07,0.04114016890525818,0.0856555625796318,0.00013059562479611486,0.7740046977996826,0.02657456137239933,0.01879006065428257,0.027255969122052193,0.010469691827893257,Flute
61c914b1.wav,Flute,8.009900739125442e-06,0.00015560552128590643,0.004582160152494907,0.07516976445913315,0.0008805448305793107,0.9177290201187134,4.691203685069922e-06,0.000986070721410215,7.372746040346101e-05,0.0004104202089365572,Flute
f5e20dce.wav,Flute,0.15276911854743958,0.00044355716090649366,0.10059157013893127,0.029546720907092094,0.027197955176234245,0.6109037399291992,0.0005408806027844548,0.027539439499378204,0.029843945056200027,0.02062305435538292,Flute
b0d9849d.wav,Flute,0.008211888372898102,0.015391303226351738,0.048439815640449524,0.07316035032272339,0.018380116671323776,0.8158785104751587,0.0024415217339992523,0.010850363411009312,7.286592153832316e-05,0.007173072546720505,Flute
6ef82473.wav,Flute,0.015916744247078896,1.516785346211691e-06,0.01987670734524727,0.03621352091431618,0.023219110444188118,0.8662387728691101,0.011088233441114426,0.025580130517482758,6.41919450572459e-06,0.001859082723967731,Flute
8986cced.wav,Flute,8.391837036469951e-05,3.0008101020939648e-05,0.0084325997158885,0.007196118589490652,0.008920729160308838,0.9715006947517395,1.1789171594500658e-06,0.0018683669622987509,5.950645572738722e-05,0.0019067780813202262,Flute
a64a3740.wav,Clarinet,2.20726353861167e-10,5.004158949908487e-16,6.804117713699043e-09,0.9999730587005615,2.3150533139809637e-12,1.4937934793124441e-05,3.7560391774604796e-07,9.991928118235904e-11,1.7421857684794817e-13,1.1686117431963794e-05,Clarinet
ad7ec8cb.wav,Clarinet,2.1657454996049097e-10,8.804367503204577e-17,2.7080990783190373e-09,0.999867856502533,3.6687595642665924e-14,0.000128512445371598,2.2142326167040594e-11,1.6407613045998914e-09,3.3916609104567286e-11,3.6665860534412786e-06,Clarinet
8ee44fb5.wav,Clarinet,0.0063713048584759235,1.5618190900568152e-06,1.9887243979610503e-05,0.968576967716217,1.4533694638885208e-06,0.00023114249052014202,0.00012943640467710793,3.27641682815738e-05,0.00038995634531602263,0.02424565888941288,Clarinet
7eb959ec.wav,Clarinet,0.021211687475442886,5.407843491411768e-05,0.008019080385565758,0.9407158493995667,0.000866794609464705,0.00456294696778059,0.011738854460418224,0.011476169340312481,0.0004678356635849923,0.000886737834662199,Clarinet
e51e1770.wav,Clarinet,6.0531176131917164e-05,4.911554540854013e-08,0.0025215076748281717,0.991391122341156,2.0620313080144115e-05,5.807272464153357e-05,0.0030697083566337824,0.0019268769538030028,9.144174327957444e-06,0.0009423086303286254,Clarinet
3f7e6da8.wav,Clarinet,5.525485175894573e-05,3.8955479908509005e-07,0.0001256007672054693,0.9686746001243591,4.064760105393361e-06,6.765261787222698e-06,0.0183285903185606,1.3383629266172647e-05,0.011700212024152279,0.001091149402782321,Clarinet
3cbe9902.wav,Clarinet,0.006539123132824898,0.028734738007187843,0.01817093789577484,0.9089940190315247,0.011553791351616383,0.0036215614527463913,0.0010423047933727503,0.0011876875068992376,0.0007050075219012797,0.01945086009800434,Clarinet
9a722e53.wav,Clarinet,3.6183591873850673e-05,2.549662911355277e-11,1.5080923731147777e-05,0.9992507696151733,9.777286322787404e-05,4.114843704883242e-06,9.081429862669091e-14,0.0005958675756119192,5.46985123861532e-09,1.901030799444925e-07,Clarinet
19105b8a.wav,Clarinet,0.01753070391714573,9.986949589801952e-05,0.004611809737980366,0.9501470923423767,0.00533224456012249,0.0055697220377624035,0.00015914304822217673,0.003088647499680519,0.008480402640998363,0.0049804323352873325,Clarinet
1f81cc2b.wav,Clarinet,0.0007750135846436024,1.3942178611614509e-07,0.005309511907398701,0.9720801115036011,1.8519527657190338e-05,0.013231833465397358,1.1500036634970456e-05,0.008312284015119076,2.1155545255169272e-05,0.00024010079505387694,Clarinet
44c5094c.wav,Clarinet,7.94218522059964e-06,2.0097690872633578e-12,0.0012788046151399612,0.9878142476081848,1.2560464890398748e-09,0.0052496567368507385,1.630821942332633e-13,0.005621580872684717,6.896664217492798e-08,2.7695274184225127e-05,Clarinet
5506629f.wav,Clarinet,1.2085728258171002e-06,3.089025631197728e-05,0.004318321123719215,0.9944150447845459,8.295966108562425e-05,0.0008595855324529111,1.905157660075929e-05,4.2743577068904415e-05,0.00014865826233290136,8.158429409377277e-05,Clarinet
ddf23920.wav,Clarinet,1.658703339610379e-12,1.1767263341711702e-15,3.4576486118709227e-09,0.9999921321868896,5.452566227844534e-15,3.854439000861021e-06,3.014454705407843e-06,6.2294165381615585e-09,5.181460295544671e-12,1.0240903520752909e-06,Clarinet
2e1cd085.wav,Clarinet,1.5652919238551277e-10,7.568083873762014e-17,1.9163021169887884e-10,0.9999651312828064,6.215077064108954e-12,4.130313755013049e-06,3.3902131861378304e-13,4.6861572400302975e-08,6.581117428794414e-09,3.066884892177768e-05,Clarinet
dc981a38.wav,Clarinet,0.00396961672231555,2.642855747581052e-07,0.018586618825793266,0.8198791742324829,0.027628282085061073,0.12405429780483246,0.00026669714134186506,0.0012524441117420793,0.003125786781311035,0.0012366522569209337,Clarinet
a053797b.wav,Clarinet,0.013268547132611275,2.112182651003991e-10,1.4328520592243876e-06,0.9860836267471313,4.781080406246474e-06,0.0004360683378763497,2.506254093148641e-10,0.00015911583614069968,6.590057068933675e-07,4.578282096190378e-05,Clarinet
f2310f0d.wav,Clarinet,0.0016388422809541225,0.008619277738034725,0.002745606703683734,0.9493094086647034,0.003675063606351614,0.0013469872064888477,0.0003232888411730528,0.0030224230140447617,0.005488949362188578,0.0238303504884243,Clarinet
ce65d6b5.wav,Clarinet,0.0013487855903804302,2.0345996745163575e-06,0.000668282387778163,0.9635158181190491,0.006704182364046574,0.020388193428516388,8.187756606048424e-08,0.007014966569840908,0.00011997896945104003,0.00023756500741001219,Clarinet
45de3233.wav,Clarinet,0.00038363964995369315,0.06273652613162994,0.01002727635204792,0.9145500659942627,0.005325121805071831,0.0011657256400212646,9.015253453981131e-05,0.0005191948148421943,0.00018967941286973655,0.0050126174464821815,Clarinet
8916ffcd.wav,Clarinet,2.5044133508345112e-05,8.869387869818186e-15,6.15994338204473e-07,0.9974533319473267,1.2791181447369127e-08,0.00014644002658315003,1.2669637186574862e-15,0.00237105181440711,6.82708023447276e-09,3.641054263425758e-06,Clarinet
e43f7db2.wav,Clarinet,7.009441560512641e-08,5.907209129404206e-14,0.005846419371664524,0.9845291376113892,1.7617647618539678e-10,0.0004232457431498915,8.283445457335503e-11,0.009193428792059422,1.3673201237907051e-06,6.306146133283619e-06,Clarinet
3c66098d.wav,Clarinet,1.533974192113874e-08,2.3896754394086075e-14,1.472778239985928e-05,0.9671616554260254,2.858581149567385e-10,0.032813332974910736,3.567963702266752e-08,4.815989882445137e-07,9.006181217463549e-12,9.738176231621765e-06,Clarinet
ad42e493.wav,Clarinet,0.00033323935349471867,9.943966006176197e-08,0.000152552907820791,0.9983158707618713,2.1045852918177843e-05,0.00022248506138566881,4.279321274225367e-06,0.00021017561084590852,0.0002598868159111589,0.0004801865725312382,Clarinet
740e5bb7.wav,Clarinet,0.0022971583530306816,0.026812110096216202,0.039362672716379166,0.8623518347740173,0.019667241722345352,0.016744334250688553,0.003168610157445073,0.011467872187495232,0.014028901234269142,0.004099245648831129,Clarinet
800b401e.wav,Clarinet,0.002048612106591463,0.00012975698336958885,0.016493763774633408,0.9680647850036621,0.013093567453324795,0.0001390318648191169,3.4678286908729206e-09,6.464972102548927e-06,2.1642497358698165e-06,2.1967598513583653e-05,Clarinet
3c713bcf.wav,Clarinet,1.996765863765404e-09,2.51467582756959e-07,0.0013258616672828794,0.993563175201416,3.852367171930382e-06,6.464279778128912e-08,0.00510280579328537,1.8607910590162646e-07,2.825935325745377e-07,3.5527607451513177e-06,Clarinet
2fc00271.wav,Clarinet,0.0003156278398819268,3.552085292568563e-09,6.488927465397865e-05,0.9992921352386475,4.79251284559723e-05,5.264641367830336e-05,0.00017411759472452104,1.2021304200970917e-06,5.971509835944744e-06,4.5546283217845485e-05,Clarinet
b0c06255.wav,Clarinet,0.006935282610356808,3.268942755374482e-11,0.0009428434423170984,0.9701341390609741,1.5762567272759043e-05,0.006208896171301603,2.795124487420253e-07,0.009555184282362461,8.235379027610179e-06,0.006199367344379425,Clarinet
71c6451f.wav,Clarinet,3.3774867915781215e-06,3.8514694211677636e-10,6.0879378906975035e-06,0.997631847858429,4.771349537691094e-08,0.0004674505034927279,8.503591608644001e-09,0.0004710121138487011,2.1130239474587142e-05,0.0013990364968776703,Clarinet
5de123c3.wav,Clarinet,4.827640805160627e-05,1.3744265599767436e-13,9.822007268667221e-05,0.9903616905212402,2.408878252424529e-08,0.0027818980161100626,2.2822219808427135e-11,0.006458713673055172,5.795797974883499e-08,0.00025107222609221935,Clarinet
